{"voxel_size": 0.006640625, "block_size": 30, "grid_width": 512, "grid_height": 512, "grid_depth": 512, "atlas_width": 2048, "atlas_height": 2048, "atlas_depth": 32, "num_slices": 8, "min_x": -1.7, "min_y": -1.7, "min_z": -1.7, "atlas_blocks_x": 64, "atlas_blocks_y": 64, "atlas_blocks_z": 1, "input_height": 800.0, "input_width": 800.0, "input_focal": 1111.1110311937682, "worldspace_T_opengl": [[-1.0, 0.0, 0.0, 0.0], [0.0, 0.0, 1.0, 0.0], [0.0, 1.0, 0.0, 0.0], [0.0, 0.0, 0.0, 1.0]], "ndc": false, "0_weights": [[0.3526613116264343, 0.09703676402568817, -0.27479663491249084, -0.021986335515975952, -0.2575141489505768, -0.1771157830953598, -0.1798521876335144, 0.0490688681602478, -0.05843017250299454, 0.24300576746463776, 0.13701023161411285, -0.11521744728088379, 0.12817633152008057, -0.025904683396220207, 0.2131979912519455, -0.1919458955526352], [-0.1253669261932373, 0.26368069648742676, -0.1985146403312683, 0.044518597424030304, -0.19954904913902283, -0.38237351179122925, -0.07700370252132416, 0.13112367689609528, 0.276424378156662, -0.17775024473667145, -0.008377298712730408, 0.016685063019394875, 0.047046467661857605, 0.08481308072805405, 0.06941788643598557, 0.2949589490890503], [0.3489444851875305, -0.21115191280841827, -0.03854059427976608, 0.4106179177761078, -0.056192994117736816, 0.24308981001377106, 0.3692796230316162, -0.04219789430499077, -0.24086500704288483, 0.3405252993106842, 0.11476828157901764, 0.28625068068504333, -0.27730828523635864, -0.323318213224411, 0.13730408251285553, -0.260678768157959], [0.2968103289604187, -0.13401612639427185, -0.04013517498970032, 0.06904798001050949, -0.2964571714401245, 0.12378872185945511, 0.3155307471752167, 0.2022787481546402, 0.24905908107757568, 0.19623006880283356, -0.19813424348831177, -0.194197416305542, -0.11899963021278381, 0.01899150386452675, -0.20596349239349365, -0.023977575823664665], [-0.061572667211294174, -0.2417994737625122, 0.10052070021629333, 0.3290182948112488, 0.1978767216205597, -0.36253899335861206, 0.26150378584861755, 0.18907205760478973, -0.10053320229053497, 0.20354531705379486, 0.18572115898132324, -0.0769968181848526, -0.244730144739151, -0.23364855349063873, 0.2445891946554184, -0.24408400058746338], [0.11269969493150711, -0.17854945361614227, -0.0010030861012637615, -0.24659310281276703, -0.19846796989440918, 0.004544021096080542, -0.22951878607273102, -0.10695032775402069, 0.21291016042232513, -0.22172044217586517, -0.15069188177585602, 0.16215619444847107, 0.25477495789527893, 0.01692030392587185, -0.1483639031648636, -0.20890337228775024], [-0.1997608095407486, 0.16385407745838165, 0.2542478144168854, 0.23498491942882538, 0.10908012837171555, 0.09553869813680649, -0.16894973814487457, 0.11364784836769104, -0.09650208055973053, -0.2188379168510437, 0.18454457819461823, -0.16807502508163452, -0.021540634334087372, 0.03932620584964752, -0.028793340548872948, 0.16860932111740112], [0.09517469257116318, 0.13404779136180878, 0.1695287674665451, -0.23082461953163147, 0.00847502239048481, 0.26873651146888733, -0.16633515059947968, -0.02294410951435566, -0.16956952214241028, -0.18142233788967133, 0.09478627145290375, 0.24243779480457306, 0.08321697264909744, 0.19004781544208527, -0.15488646924495697, 0.046457815915346146], [-0.27158838510513306, -0.022761385887861252, 0.10707254707813263, 0.33106571435928345, 0.06195666268467903, 0.0582178570330143, 0.019562548026442528, 0.08936327695846558, -0.23648136854171753, 0.21077047288417816, -0.09912774711847305, 0.2598720192909241, 0.06862549483776093, 0.22043533623218536, 0.0094255730509758, -0.037913352251052856], [-0.2147490680217743, -0.18567872047424316, -0.04351156949996948, -0.24170978367328644, 0.1722574532032013, 0.10090427100658417, -0.20889003574848175, 0.05918256938457489, 0.11796433478593826, -0.07801483571529388, -0.086734339594841, 0.1378343254327774, 0.002715467708185315, -0.09991109371185303, 0.20553739368915558, -0.2111853063106537], [-0.27502068877220154, -0.21439149975776672, -0.10535780340433121, -0.17339614033699036, 0.1986418217420578, 0.16977711021900177, -0.10768479108810425, -0.05582967773079872, 0.084151491522789, 0.06123610958456993, -0.26056262850761414, -0.11284541338682175, 0.0180364903062582, -0.10331138223409653, 0.025264812633395195, -0.11559168249368668], [-0.011307738721370697, 0.047809310257434845, -0.18161407113075256, -0.0765460729598999, -0.21852761507034302, -0.24280382692813873, 0.1417987048625946, 0.2640301287174225, -0.20576408505439758, 0.37840116024017334, 0.05197920650243759, 0.36847445368766785, 0.059011347591876984, 0.06808657199144363, 0.20369987189769745, 0.14526991546154022], [-0.23248085379600525, -0.11275546997785568, 0.015127546153962612, 0.10072101652622223, 0.0020024648401886225, 0.027531545609235764, -0.09528553485870361, 0.013114343397319317, -0.0669512078166008, -0.08713600039482117, -0.016154486685991287, 0.11344648152589798, -0.002989124972373247, -0.026225807145237923, 0.14395934343338013, -0.1299142837524414], [-0.1442480832338333, 0.06470811367034912, 0.02984149381518364, 0.24182140827178955, -0.10281098634004593, -0.11292947083711624, -0.03372996672987938, -0.1457800418138504, -0.0394226536154747, -0.010022902861237526, 0.061481233686208725, 0.1446521133184433, -0.015159845352172852, 0.038822583854198456, -0.12296786159276962, 0.04834239184856415], [-0.2593010663986206, -0.10026834160089493, -0.06152665987610817, -0.14200198650360107, 0.0674210712313652, -0.08079710602760315, 0.009774991311132908, 0.2873208820819855, -0.24320733547210693, -0.0917208343744278, 0.02285461127758026, -0.18019747734069824, 0.08920593559741974, 0.04516470804810524, 0.07513992488384247, -0.03311615809798241], [0.196259006857872, 0.25848427414894104, 0.34649667143821716, -0.37733399868011475, -0.2383314073085785, 0.3088044226169586, 0.1674887239933014, -0.1895531266927719, -0.22579500079154968, -0.14589263498783112, 0.1142444908618927, -0.2068585902452469, -0.2003372311592102, 0.309148371219635, -0.4276149868965149, -0.1706840693950653], [-0.3180331587791443, -0.06911910325288773, 0.35701537132263184, -0.25352057814598083, -0.026258978992700577, -0.014205963350832462, 0.19315961003303528, -0.24729469418525696, -0.2570008337497711, -0.3051351308822632, -0.051132988184690475, 0.17325429618358612, -0.3644549548625946, 0.294628769159317, -0.023828329518437386, -0.08101236820220947], [-0.2629251480102539, -0.18606241047382355, -0.20187996327877045, 0.19707760214805603, -0.20223838090896606, 0.18890230357646942, -0.07871772348880768, -0.2151641696691513, -0.2965036630630493, 0.21850530803203583, 0.19798879325389862, -0.1274060159921646, 0.17487241327762604, -0.1460362821817398, -0.08802329748868942, -0.2713911235332489], [0.05158066004514694, 0.10042480379343033, -0.20554359257221222, 0.05840134620666504, 0.21451644599437714, 0.14190968871116638, -0.2264583557844162, -0.10089334845542908, -0.38561105728149414, 0.33966436982154846, -0.16797995567321777, -0.05244847387075424, 0.08040134608745575, -0.22523513436317444, -0.16769449412822723, 0.277045339345932], [-0.2264465093612671, 0.37797269225120544, 0.2913469672203064, -0.314332515001297, 0.23094682395458221, -0.08083843439817429, -0.25256088376045227, 0.09228551387786865, 0.056306127458810806, 0.03428705409169197, -0.23194165527820587, -0.2107516974210739, -0.020836619660258293, -0.3145959675312042, -0.3999598026275635, 0.18847614526748657], [-0.196192666888237, 0.3512628972530365, 0.02514219656586647, -0.06941062211990356, 0.0027342503890395164, -0.31169068813323975, -0.10034631937742233, -0.2804853022098541, -0.1197688952088356, 0.1567113697528839, 0.07945334166288376, 0.18028531968593597, -0.12841054797172546, -0.08152814209461212, 0.3824799954891205, 0.25757020711898804], [0.18387126922607422, -0.19990678131580353, 0.0800660252571106, -0.004353741649538279, 0.19444027543067932, 0.0301652904599905, 0.12184952199459076, 0.21505357325077057, 0.31522616744041443, -0.1553569734096527, 0.05195996165275574, 0.12271803617477417, 