{"voxel_size": 0.0033793874999999995, "block_size": 30, "grid_width": 1000, "grid_height": 1000, "grid_depth": 1000, "atlas_width": 2048, "atlas_height": 2048, "atlas_depth": 32, "num_slices": 8, "min_x": -1.69394375, "min_y": -1.69394375, "min_z": -1.69394375, "atlas_blocks_x": 64, "atlas_blocks_y": 64, "atlas_blocks_z": 1, "input_height": 800.0, "input_width": 800.0, "input_focal": 1111.1110311937682, "worldspace_T_opengl": [[-1.0, 0.0, 0.0, 0.0], [0.0, 0.0, 1.0, 0.0], [0.0, 1.0, 0.0, 0.0], [0.0, 0.0, 0.0, 1.0]], "ndc": false, "0_weights": [[0.32628002762794495, 0.11893193423748016, -0.27385467290878296, -0.04558805376291275, -0.2553095519542694, -0.12084028124809265, -0.1480630487203598, 0.04554324969649315, -0.05989299714565277, 0.09220921993255615, 0.07732637226581573, -0.18189001083374023, 0.050986312329769135, -0.016446305438876152, 0.2042168527841568, -0.20443123579025269], [-0.1646134853363037, 0.3044164776802063, -0.2339426726102829, 0.06603654474020004, -0.19674943387508392, -0.26873332262039185, -0.15170246362686157, 0.1253305822610855, 0.20154985785484314, -0.1588558405637741, -0.08174477517604828, 0.02579522505402565, -0.019613347947597504, 0.07341716438531876, 0.0967884436249733, 0.2508346140384674], [0.39845550060272217, -0.21489456295967102, 0.07659681141376495, 0.41847479343414307, -0.003761602332815528, 0.25910159945487976, 0.3528421223163605, -0.04248640313744545, -0.33704981207847595, 0.3622574210166931, 0.0018794285133481026, 0.24165156483650208, -0.2322368025779724, -0.38138145208358765, 0.13501550257205963, -0.1381794512271881], [0.2660461664199829, -0.11285831779241562, -0.040409840643405914, 0.0450645349919796, -0.2925380766391754, 0.18468055129051208, 0.35188087821006775, 0.19858746230602264, 0.24738870561122894, 0.05095841363072395, -0.2529065012931824, -0.2609882056713104, -0.1838952749967575, 0.03248244524002075, -0.21506017446517944, -0.026513153687119484], [-0.09812440723180771, -0.20126807689666748, 0.06384910643100739, 0.347627192735672, 0.19015288352966309, -0.25265833735466003, 0.18749861419200897, 0.18333297967910767, -0.1735740453004837, 0.2234947830438614, 0.11919120699167252, -0.06661636382341385, -0.3071203827857971, -0.24177421629428864, 0.2669895887374878, -0.28225356340408325], [0.1614549309015274, -0.18636831641197205, 0.11232645064592361, -0.2361249476671219, -0.1468944251537323, 0.021836988627910614, -0.2465561181306839, -0.10746490210294724, 0.11985968798398972, -0.20566895604133606, -0.25842154026031494, 0.1145264133810997, 0.2998645603656769, -0.03943489119410515, -0.1509561538696289, -0.08941126614809036], [-0.24430939555168152, 0.18361106514930725, 0.250734806060791, 0.21255454421043396, 0.11651700735092163, 0.17226850986480713, -0.11706554889678955, 0.11079875379800797, -0.09758538752794266, -0.34596437215805054, 0.1463509202003479, -0.23623794317245483, -0.048378437757492065, 0.06574120372533798, -0.03732277825474739, 0.1994202733039856], [0.0699126347899437, 0.17242296040058136, 0.13943426311016083, -0.2222917377948761, -0.03739346191287041, 0.358521044254303, -0.23549148440361023, -0.028659000992774963, -0.23733164370059967, -0.1581593006849289, 0.056989651173353195, 0.24882102012634277, 0.036905258893966675, 0.19205062091350555, -0.1481352597475052, 0.03508652374148369], [-0.2142142653465271, -0.0424344502389431, 0.21360348165035248, 0.35152214765548706, 0.11130565404891968, 0.07711206376552582, -0.0007545669213868678, 0.08819984644651413, -0.320578396320343, 0.20913292467594147, -0.1890185922384262, 0.19798941910266876, 0.11058682948350906, 0.16946852207183838, 0.006997331045567989, 0.0687144547700882], [-0.3029400408267975, -0.15051685273647308, -0.06203652173280716, -0.2479407638311386, 0.18663044273853302, 0.15714745223522186, -0.14330844581127167, 0.05943569540977478, 0.1077556163072586, -0.06481614708900452, -0.039992474019527435, 0.09024633467197418, 0.13547945022583008, -0.060019347816705704, 0.18926465511322021, -0.06475476175546646], [-0.22098509967327118, -0.18757778406143188, -0.05860200896859169, -0.20748116075992584, 0.006500668823719025, 0.08083228021860123, -0.07386229187250137, -0.05910897254943848, 0.1823059767484665, -0.03576396405696869, -0.07132480293512344, -0.16509394347667694, 0.09064178913831711, -0.05052829161286354, -0.006498449482023716, -0.027811706066131592], [0.05353821441531181, -0.0005969667690806091, -0.1317570060491562, -0.019032267853617668, -0.1727321892976761, -0.2675345838069916, 0.11006612330675125, 0.2617076635360718, -0.21162539720535278, 0.3374117612838745, 0.026547156274318695, 0.2753153145313263, 0.05982249975204468, 0.0613434799015522, 0.19306467473506927, 0.08037254959344864], [-0.2551547586917877, -0.069236621260643, 0.008696363307535648, 0.18287084996700287, 0.08081649988889694, -0.036857981234788895, -0.25682899355888367, 0.0073324949480593204, -0.07458976656198502, -0.04563797637820244, -0.025717496871948242, 0.1464734673500061, 0.24706847965717316, -0.002816111547872424, 0.10931198298931122, -3.688621654873714e-05], [-0.17618298530578613, 0.072385273873806, 0.02364100143313408, 0.19565773010253906, 0.0302538201212883, -0.1131843850016594, -0.01384273637086153, -0.14699463546276093, -0.09654383361339569, 0.09167543053627014, 0.021803339943289757, 0.048521071672439575, -0.05344802886247635, 0.014613095670938492, -0.07823403924703598, 0.0019153393805027008], [-0.2774355113506317, -0.07520179450511932, -0.03334375470876694, -0.10899312049150467, 0.23071198165416718, -0.1908762902021408, 0.15009421110153198, 0.28023192286491394, -0.15378907322883606, -0.21437257528305054, -0.008034036494791508, -0.1881745457649231, 0.0081801051273942, -0.011950695887207985, 0.11209945380687714, 0.008346901275217533], [0.16313070058822632, 0.3275987207889557, 0.23405644297599792, -0.3636753559112549, -0.3366018831729889, 0.25282958149909973, 0.10257153958082199, -0.19139356911182404, -0.16218586266040802, -0.19321976602077484, 0.23827879130840302, -0.19214557111263275, -0.2295391708612442, 0.3275657296180725, -0.41997116804122925, -0.35024377703666687], [-0.35264667868614197, -0.04201700910925865, 0.22679969668388367, -0.2443578988313675, -0.07861045002937317, -0.046155091375112534, 0.16103112697601318, -0.24984128773212433, -0.1795261800289154, -0.3394506573677063, 0.08889001607894897, 0.20638681948184967, -0.3032926619052887, 0.3454930782318115, -0.022859569638967514, -0.2055206447839737], [-0.2867196798324585, -0.10797930508852005, -0.31936901807785034, 0.19814656674861908, -0.28202950954437256, 0.13203954696655273, -0.13610316812992096, -0.21714366972446442, -0.24674618244171143, 0.1794891655445099, 0.3166715204715729, -0.10010521858930588, 0.20324577391147614, -0.127033531665802, -0.08725468814373016, -0.4371283948421478], [0.015780646353960037, 0.148703932762146, -0.26744627952575684, 0.06408841162919998, 0.08009593933820724, 0.06991197913885117, -0.31419575214385986, -0.1022723987698555, -0.3237640857696533, 0.26757359504699707, -0.07075151056051254, -0.09334824234247208, 0.008119901642203331, -0.2698758542537689, -0.1490163952112198, 0.06893731653690338], [-0.19431345164775848, 0.33602800965309143, 0.17809247970581055, -0.305534303188324, 0.30174851417541504, -0.12106230854988098, -0.15178652107715607, 0.08881804347038269, 0.10781640559434891, 0.07241126894950867, -0.1223478615283966, -0.1261112093925476, 0.1680670976638794, -0.2378007173538208, -0.41388604044914246, 0.16416972875595093], [-0.2027132362127304, 0.47473418712615967, -0.0545988492667675, -0.08227328211069107, -0.08886931836605072, -0.3423474431037903, -0.16976769268512726, -0.2839619815349579, -0.13736416399478912, 0.12427147477865219, 0.16003592312335968, 0.21040962636470795, -0.07524530589580536, -0.09715217351913452, 0.3692222833633423, 0.1526288092136383], [0.1145320013165474, -0.24566246569156647, 0.11061949282884598, -0.004515765234827995, 0.10343662649393082, 0.1175089105963707, 0.10207530856132507, 0.2175760716199875, 0.37718212604522705, -0.20450061559677124, 0.02239307388663292, 